"Name","FullName"
"9-felder-modell-kochernz.md","C:\Users\Sweti\Documents\HUGO\mediator-sweti\content\post\9-felder-modell-kochernz.md"
"9-felder-modell.md","C:\Users\Sweti\Documents\HUGO\mediator-sweti\content\post\9-felder-modell.md"
"anna_und_david.md","C:\Users\Sweti\Documents\HUGO\mediator-sweti\content\post\anna_und_david.md"
"ausgleich.md","C:\Users\Sweti\Documents\HUGO\mediator-sweti\content\post\ausgleich.md"
"change.md","C:\Users\Sweti\Documents\HUGO\mediator-sweti\content\post\change.md"
"dienstleistung-elder.md","C:\Users\Sweti\Documents\HUGO\mediator-sweti\content\post\dienstleistung-elder.md"
"dreiervertrag.md","C:\Users\Sweti\Documents\HUGO\mediator-sweti\content\post\dreiervertrag.md"
"eigenverantwortung.md","C:\Users\Sweti\Documents\HUGO\mediator-sweti\content\post\eigenverantwortung.md"
"elder-mediation.md","C:\Users\Sweti\Documents\HUGO\mediator-sweti\content\post\elder-mediation.md"
"empathie.md","C:\Users\Sweti\Documents\HUGO\mediator-sweti\content\post\empathie.md"
"empowerment-recognition.md","C:\Users\Sweti\Documents\HUGO\mediator-sweti\content\post\empowerment-recognition.md"
"ergebnisoffenheit.md","C:\Users\Sweti\Documents\HUGO\mediator-sweti\content\post\ergebnisoffenheit.md"
"fall-oed.md","C:\Users\Sweti\Documents\HUGO\mediator-sweti\content\post\fall-oed.md"
"fall-zaun.md","C:\Users\Sweti\Documents\HUGO\mediator-sweti\content\post\fall-zaun.md"
"freiwilligkeit.md","C:\Users\Sweti\Documents\HUGO\mediator-sweti\content\post\freiwilligkeit.md"
"harvard-batna.md","C:\Users\Sweti\Documents\HUGO\mediator-sweti\content\post\harvard-batna.md"
"harvard-emotionen-beduerfnisse.md","C:\Users\Sweti\Documents\HUGO\mediator-sweti\content\post\harvard-emotionen-beduerfnisse.md"
"harvard-konzept.md","C:\Users\Sweti\Documents\HUGO\mediator-sweti\content\post\harvard-konzept.md"
"harvard-kriterien.md","C:\Users\Sweti\Documents\HUGO\mediator-sweti\content\post\harvard-kriterien.md"
"harvard-mp.md","C:\Users\Sweti\Documents\HUGO\mediator-sweti\content\post\harvard-mp.md"
"harvard-optionen.md","C:\Users\Sweti\Documents\HUGO\mediator-sweti\content\post\harvard-optionen.md"
"harvard-po-vs-in.md","C:\Users\Sweti\Documents\HUGO\mediator-sweti\content\post\harvard-po-vs-in.md"
"hypothesenbildung-systemische-beratung.md","C:\Users\Sweti\Documents\HUGO\mediator-sweti\content\post\hypothesenbildung-systemische-beratung.md"
"impliziter-vertrag.md","C:\Users\Sweti\Documents\HUGO\mediator-sweti\content\post\impliziter-vertrag.md"
"informirtheit.md","C:\Users\Sweti\Documents\HUGO\mediator-sweti\content\post\informirtheit.md"
"it-projekte.md","C:\Users\Sweti\Documents\HUGO\mediator-sweti\content\post\it-projekte.md"
"itil_mediation.md","C:\Users\Sweti\Documents\HUGO\mediator-sweti\content\post\itil_mediation.md"
"k-kosten.md","C:\Users\Sweti\Documents\HUGO\mediator-sweti\content\post\k-kosten.md"
"konfliktberatung.md","C:\Users\Sweti\Documents\HUGO\mediator-sweti\content\post\konfliktberatung.md"
"konfliktcoaching.md","C:\Users\Sweti\Documents\HUGO\mediator-sweti\content\post\konfliktcoaching.md"
"konflikte-itsm.md","C:\Users\Sweti\Documents\HUGO\mediator-sweti\content\post\konflikte-itsm.md"
"konflikte.md","C:\Users\Sweti\Documents\HUGO\mediator-sweti\content\post\konflikte.md"
"mediation-wg.md","C:\Users\Sweti\Documents\HUGO\mediator-sweti\content\post\mediation-wg.md"
"my-first-post.md","C:\Users\Sweti\Documents\HUGO\mediator-sweti\content\post\my-first-post.md"
"my-second-post.md","C:\Users\Sweti\Documents\HUGO\mediator-sweti\content\post\my-second-post.md"
"nachbarschaft.md","C:\Users\Sweti\Documents\HUGO\mediator-sweti\content\post\nachbarschaft.md"
"neutralitaet_unabhaengigkeit.md","C:\Users\Sweti\Documents\HUGO\mediator-sweti\content\post\neutralitaet_unabhaengigkeit.md"
"passivitaet-verstehen-handlung-ermoeglichen.md","C:\Users\Sweti\Documents\HUGO\mediator-sweti\content\post\passivitaet-verstehen-handlung-ermoeglichen.md"
"position.md","C:\Users\Sweti\Documents\HUGO\mediator-sweti\content\post\position.md"
"proz-mediation.md","C:\Users\Sweti\Documents\HUGO\mediator-sweti\content\post\proz-mediation.md"
"reframing.md","C:\Users\Sweti\Documents\HUGO\mediator-sweti\content\post\reframing.md"
"slm.md","C:\Users\Sweti\Documents\HUGO\mediator-sweti\content\post\slm.md"
"toa.md","C:\Users\Sweti\Documents\HUGO\mediator-sweti\content\post\toa.md"
"transformation.md","C:\Users\Sweti\Documents\HUGO\mediator-sweti\content\post\transformation.md"
"verhandeln.md","C:\Users\Sweti\Documents\HUGO\mediator-sweti\content\post\verhandeln.md"
"verhandeln2.md","C:\Users\Sweti\Documents\HUGO\mediator-sweti\content\post\verhandeln2.md"
"Vertraulichkeit.md","C:\Users\Sweti\Documents\HUGO\mediator-sweti\content\post\Vertraulichkeit.md"
"zweiervertrag.md","C:\Users\Sweti\Documents\HUGO\mediator-sweti\content\post\zweiervertrag.md"
